keyword,search_volume,country,language,source
startup workspace for founders,170,US,en,fixture
ai chief of staff for founders,140,US,en,fixture
ai workflow automation,1300,US,en,fixture
ai workflow automation checklist,170,US,en,fixture
email task automation,720,US,en,fixture
email task automation playbook,90,US,en,fixture
slack task automation,590,US,en,fixture
github issue automation,880,US,en,fixture
google docs automation,1000,US,en,fixture
google docs automation for meeting follow-ups,110,US,en,fixture
digital employee onboarding checklist,210,US,en,fixture
ai agent memory best practices,160,US,en,fixture
